{
  "board_count": 568,
  "board_exact_match": 0.7816901408450704,
  "confusion": {
    "B": {
      "B": 406,
      "N": 3,
      "empty": 8
    },
    "K": {
      "K": 551,
      "P": 1,
      "R": 1,
      "empty": 12,
      "k": 1,
      "p": 1,
      "r": 1
    },
    "N": {
      "N": 896,
      "R": 1,
      "empty": 8,
      "q": 1
    },
    "P": {
      "P": 2961,
      "empty": 46
    },
    "Q": {
      "P": 1,
      "Q": 334,
      "R": 1,
      "empty": 9,
      "r": 1
    },
    "R": {
      "N": 5,
      "P": 2,
      "R": 584,
      "empty": 17
    },
    "b": {
      "B": 1,
      "Q": 1,
      "b": 616,
      "empty": 6,
      "p": 1
    },
    "empty": {
      "B": 4,
      "K": 4,
      "N": 4,
      "P": 15,
      "R": 18,
      "empty": 24962,
      "k": 1,
      "p": 13,
      "q": 2,
      "r": 15
    },
    "k": {
      "empty": 6,
      "k": 562
    },
    "n": {
      "empty": 2,
      "n": 397
    },
    "p": {
      "empty": 33,
      "p": 2570
    },
    "q": {
      "empty": 7,
      "q": 337
    },
    "r": {
      "empty": 13,
      "r": 910
    }
  },
  "empty_accuracy": 0.9969646137870437,
  "mean_squares_correct_per_board": 63.53169014084507,
  "non_empty_accuracy": 0.9832066466324907,
  "occupancy_accuracy": 0.993315360915493,
  "per_class_recall": {
    "B": 0.973621103117506,
    "K": 0.9700704225352113,
    "N": 0.9889624724061811,
    "P": 0.9847023611572996,
    "Q": 0.9653179190751445,
    "R": 0.9605263157894737,
    "b": 0.9856,
    "empty": 0.9969646137870437,
    "k": 0.9894366197183099,
    "n": 0.9949874686716792,
    "p": 0.987322320399539,
    "q": 0.9796511627906976,
    "r": 0.9859154929577465
  },
  "per_square_accuracy": 0.9926826584507042,
  "piece_accuracy_on_correctly_occupied": 0.9979366645734278,
  "piece_only_exact_match": 0.8556338028169014,
  "square_count": 36352
}