{
  "board_count": 845,
  "board_exact_match": 0.0,
  "confusion": {
    "B": {
      "B": 109,
      "N": 68,
      "P": 618,
      "R": 18,
      "b": 2,
      "empty": 198,
      "p": 2
    },
    "K": {
      "B": 33,
      "K": 460,
      "N": 15,
      "P": 3,
      "Q": 141,
      "R": 126,
      "b": 5,
      "empty": 55,
      "k": 1,
      "q": 6
    },
    "N": {
      "B": 1,
      "K": 1,
      "N": 749,
      "P": 39,
      "R": 8,
      "b": 3,
      "empty": 162,
      "n": 2,
      "q": 25
    },
    "P": {
      "B": 75,
      "N": 58,
      "P": 2960,
      "Q": 70,
      "R": 111,
      "b": 1,
      "empty": 1303,
      "p": 35,
      "q": 1,
      "r": 1
    },
    "Q": {
      "B": 8,
      "K": 1,
      "N": 5,
      "P": 80,
      "Q": 526,
      "R": 8,
      "empty": 77,
      "p": 1,
      "q": 1,
      "r": 2
    },
    "R": {
      "B": 7,
      "N": 78,
      "P": 28,
      "Q": 8,
      "R": 849,
      "empty": 540,
      "p": 1,
      "q": 1,
      "r": 2
    },
    "b": {
      "P": 2,
      "b": 214,
      "empty": 173,
      "k": 76,
      "p": 116,
      "q": 86,
      "r": 103
    },
    "empty": {
      "B": 83,
      "K": 2,
      "N": 237,
      "P": 1792,
      "Q": 86,
      "R": 156,
      "b": 263,
      "empty": 30150,
      "k": 7,
      "n": 107,
      "p": 1274,
      "q": 265,
      "r": 307
    },
    "k": {
      "P": 1,
      "R": 1,
      "b": 54,
      "empty": 85,
      "k": 649,
      "p": 1,
      "q": 4,
      "r": 50
    },
    "n": {
      "N": 5,
      "P": 3,
      "R": 9,
      "b": 62,
      "empty": 252,
      "k": 5,
      "n": 857,
      "p": 83,
      "q": 4,
      "r": 33
    },
    "p": {
      "P": 127,
      "R": 1,
      "b": 158,
      "empty": 1312,
      "k": 254,
      "n": 38,
      "p": 2269,
      "q": 16,
      "r": 338
    },
    "q": {
      "P": 2,
      "b": 24,
      "empty": 132,
      "k": 7,
      "n": 1,
      "p": 66,
      "q": 441,
      "r": 36
    },
    "r": {
      "P": 19,
      "R": 50,
      "empty": 175,
      "k": 86,
      "n": 1,
      "p": 118,
      "q": 18,
      "r": 1046
    }
  },
  "empty_accuracy": 0.8681505370151746,
  "mean_squares_correct_per_board": 48.8508875739645,
  "non_empty_accuracy": 0.5751123972921296,
  "occupancy_accuracy": 0.8327847633136095,
  "per_class_recall": {
    "B": 0.10738916256157635,
    "K": 0.5443786982248521,
    "N": 0.7565656565656566,
    "P": 0.6413867822318526,
    "Q": 0.7418899858956276,
    "R": 0.5607661822985469,
    "b": 0.2779220779220779,
    "empty": 0.8681505370151746,
    "k": 0.7680473372781065,
    "n": 0.6527037319116527,
    "p": 0.5027697762020829,
    "q": 0.6220028208744711,
    "r": 0.6913417052214144
  },
  "per_square_accuracy": 0.7632951183431953,
  "piece_accuracy_on_correctly_occupied": 0.7475649895882314,
  "piece_only_exact_match": 0.0,
  "square_count": 54080
}